shipment_id,order_id,carrier_id,route_id,shipment_date,estimated_delivery_date,actual_delivery_date,shipment_status,tracking_number,weight,dimensions
5e7c4084-23e8-4d4d-bb96-52ee069917b4,ORD-000169,TNT,AS-001,2025-10-22,2025-10-25,,In Transit,TRK510691305,18.44,"{'length': 51.79, 'width': 80.32, 'height': 5.27}"
331ca1ad-7bd2-4272-82ed-31cc68d3a820,ORD-000144,UPS,AS-001,2025-10-08,2025-10-17,2025-10-18,Delivered,TRK714591335,24.04,"{'length': 174.8, 'width': 37.14, 'height': 15.67}"
36b56e2e-1084-43bd-b8aa-2765651038fe,ORD-000108,DPD,AS-001,2025-09-26,2025-09-30,,Delayed,TRK750429612,21.33,"{'length': 65.99, 'width': 38.6, 'height': 32.26}"
8ac6c21d-4fe4-4b8e-9e1f-d0c2c497baa8,ORD-000086,FedEx,AF-001,2025-09-22,2025-10-05,2025-10-07,In Transit,TRK855691766,83.21,"{'length': 74.66, 'width': 19.86, 'height': 16.84}"
b92953ec-c670-4ce3-92a3-8973dfcac379,ORD-000453,FedEx,AF-001,2025-09-14,2025-09-16,2025-09-19,Delayed,TRK976913992,95.9,"{'length': 87.87, 'width': 56.05, 'height': 42.23}"
ee29cb4e-314c-43fd-aa88-fa5c0c681776,ORD-000026,DHL,US-001,2025-08-27,2025-09-04,2025-09-02,Delivered,TRK781146815,4.1,"{'length': 14.78, 'width': 20.49, 'height': 47.59}"
2c1e94c5-85fb-4bbe-ba93-52845c5a5e9a,ORD-000214,FedEx,AF-001,2025-10-07,2025-10-09,2025-10-10,Delivered,TRK761318973,54.25,"{'length': 28.62, 'width': 59.9, 'height': 32.88}"
b5c12212-34e8-4754-a02f-ccc58d06f451,ORD-000303,UPS,AF-001,2025-10-14,2025-10-16,,Delivered,TRK474075902,61.28,"{'length': 162.65, 'width': 93.12, 'height': 18.17}"
a08a52f5-723d-4808-a2d2-a6cb4648a014,ORD-000487,DPD,AF-001,2025-10-19,2025-11-01,2025-11-04,Delayed,TRK317262260,74.03,"{'length': 184.43, 'width': 92.28, 'height': 13.65}"
f8b51b4e-85bc-4c2e-b4e2-6449575d6670,ORD-000316,TNT,AF-001,2025-10-04,2025-10-13,,Delayed,TRK556298654,5.81,"{'length': 21.47, 'width': 35.42, 'height': 46.05}"
4351a68e-2496-4be9-ba18-bd688470df65,ORD-000180,UPS,EU-002,2025-09-28,2025-10-07,,Delivered,TRK740223776,73.68,"{'length': 29.96, 'width': 26.53, 'height': 10.47}"
1d1e90aa-ffdd-4913-973d-45b84213d946,ORD-000236,DPD,AS-001,2025-10-19,2025-10-23,2025-10-26,Delayed,TRK623860376,44.71,"{'length': 193.35, 'width': 63.63, 'height': 41.64}"
fdd1531f-7e15-403d-9399-57b76e6a7147,ORD-000279,UPS,EU-001,2025-10-01,2025-10-03,2025-10-06,Delivered,TRK914029410,90.72,"{'length': 139.62, 'width': 33.85, 'height': 19.57}"
025a216a-07b2-4512-a6a4-435a9cda2c85,ORD-000365,DPD,AF-001,2025-09-23,2025-10-03,2025-10-06,Processing,TRK319616766,40.81,"{'length': 84.88, 'width': 90.4, 'height': 5.65}"
94a51680-8e84-4df4-853b-b313eb00e4b6,ORD-000347,UPS,AF-001,2025-10-11,2025-10-18,2025-10-22,Processing,TRK720069990,47.78,"{'length': 174.38, 'width': 71.61, 'height': 7.85}"
77d1eb80-8189-42fb-8ef4-94af57bbbea9,ORD-000050,UPS,US-001,2025-09-24,2025-09-27,2025-09-30,Delivered,TRK911897730,44.61,"{'length': 157.88, 'width': 92.95, 'height': 43.55}"
eaf8af4d-3409-4138-ae6b-a87fc3dab78f,ORD-000412,FedEx,AS-001,2025-10-21,2025-10-26,,Delayed,TRK202393255,11.92,"{'length': 30.3, 'width': 51.16, 'height': 30.69}"
7fd926a1-af3e-4489-bc6b-d8c151c9ec05,ORD-000426,DHL,AF-001,2025-10-17,2025-10-27,2025-10-30,Delivered,TRK651499404,34.75,"{'length': 149.96, 'width': 12.71, 'height': 16.51}"
8582efe4-f207-46d5-835b-c2745f00c61b,ORD-000262,DHL,EU-002,2025-10-07,2025-10-12,2025-10-10,Processing,TRK213087369,37.43,"{'length': 23.21, 'width': 90.98, 'height': 48.39}"
e19dbcde-736c-4695-bb27-53fedbebb6a3,ORD-000197,DPD,EU-002,2025-09-19,2025-10-02,2025-10-01,Delivered,TRK736741913,66.55,"{'length': 107.3, 'width': 55.92, 'height': 14.53}"
22004417-8782-4bc6-a475-d84483d5b278,ORD-000186,UPS,EU-002,2025-10-09,2025-10-21,,Out for Delivery,TRK257298352,57.33,"{'length': 196.49, 'width': 66.21, 'height': 35.38}"
8baaff8b-dd15-4eb5-b9f1-7149352bfa92,ORD-000380,DPD,EU-001,2025-10-23,2025-11-03,2025-11-04,Out for Delivery,TRK974895586,60.79,"{'length': 100.17, 'width': 59.09, 'height': 24.06}"
0c15d59d-7254-4b0c-80a6-ed1869e3d9d8,ORD-000222,TNT,US-001,2025-08-26,2025-09-06,2025-09-04,Out for Delivery,TRK733318334,7.12,"{'length': 70.02, 'width': 88.9, 'height': 21.31}"
9238808c-83bf-4685-83a2-1daf722aa561,ORD-000148,FedEx,US-001,2025-10-02,2025-10-03,,Delivered,TRK820187053,92.53,"{'length': 110.65, 'width': 85.64, 'height': 44.89}"
fe8100de-728a-4e74-bfd2-152f68517657,ORD-000258,DHL,US-001,2025-08-27,2025-08-28,2025-08-27,Delivered,TRK210425320,18.02,"{'length': 174.51, 'width': 36.25, 'height': 18.01}"
1c5a0947-9fad-4299-a3f0-d74e52869b67,ORD-000354,FedEx,EU-001,2025-09-03,2025-09-12,2025-09-17,Delayed,TRK783473461,26.64,"{'length': 190.15, 'width': 89.3, 'height': 34.82}"
1c6468b5-f5c9-48c4-b76e-07d1e11b45ab,ORD-000363,FedEx,AF-001,2025-09-12,2025-09-23,2025-09-28,Out for Delivery,TRK634625328,9.94,"{'length': 182.36, 'width': 72.85, 'height': 24.49}"
e33c5c46-33db-461e-b623-8cfd7354d6b5,ORD-000052,TNT,US-001,2025-10-03,2025-10-16,2025-10-18,Delivered,TRK817199376,57.16,"{'length': 94.83, 'width': 33.58, 'height': 32.83}"
666c7c06-bf83-4e96-b777-9a07cf52f557,ORD-000182,FedEx,EU-002,2025-09-13,2025-09-15,2025-09-20,Delivered,TRK487547864,88.71,"{'length': 115.09, 'width': 76.87, 'height': 38.25}"
a5c38190-bd46-46c0-b094-8796afb3fc26,ORD-000399,FedEx,AS-001,2025-09-17,2025-10-01,2025-09-28,Processing,TRK332312701,96.51,"{'length': 74.02, 'width': 22.26, 'height': 21.51}"
c66425bc-e775-4af0-a725-82fcaecfc46b,ORD-000118,DHL,EU-001,2025-09-24,2025-10-02,2025-10-01,In Transit,TRK580919047,48.14,"{'length': 38.12, 'width': 61.67, 'height': 25.11}"
6553988d-2ea2-4536-999a-0dc4eeedaad6,ORD-000212,TNT,AF-001,2025-10-22,2025-10-31,2025-10-31,Processing,TRK302052854,55.95,"{'length': 98.34, 'width': 99.12, 'height': 40.7}"
18907bc5-97e6-4427-8f6e-7ca923644c14,ORD-000103,UPS,AS-001,2025-09-27,2025-09-30,,Out for Delivery,TRK462316932,14.34,"{'length': 134.77, 'width': 16.88, 'height': 17.99}"
e5c575a1-6046-4e62-8b4a-640e6b75ad85,ORD-000343,DHL,EU-002,2025-09-20,2025-09-25,2025-09-23,Delayed,TRK487899011,65.37,"{'length': 197.09, 'width': 54.48, 'height': 36.57}"
f70b2687-6377-4038-a214-0ed810077726,ORD-000015,FedEx,EU-002,2025-09-01,2025-09-12,2025-09-13,Out for Delivery,TRK857526438,52.76,"{'length': 146.83, 'width': 95.05, 'height': 22.67}"
2e6d8e7d-bc9e-449f-84e9-a2f94f33e005,ORD-000350,FedEx,US-001,2025-10-22,2025-11-02,2025-10-31,Delayed,TRK191981178,8.75,"{'length': 60.07, 'width': 78.35, 'height': 12.66}"
2a2f87d6-7989-4f19-9941-074537a2b9cf,ORD-000356,UPS,EU-001,2025-09-24,2025-09-30,2025-10-01,Delivered,TRK735087120,80.62,"{'length': 181.27, 'width': 79.63, 'height': 11.68}"
5bde915c-190d-4b3d-9d0b-8a1a18bdabd6,ORD-000102,DHL,AS-001,2025-10-04,2025-10-12,2025-10-17,Delayed,TRK248093709,4.42,"{'length': 16.04, 'width': 21.64, 'height': 17.09}"
f6d13139-9313-4a50-9f3e-c566fa4caadc,ORD-000279,UPS,AF-001,2025-09-05,2025-09-07,,Out for Delivery,TRK819334607,38.75,"{'length': 40.85, 'width': 44.77, 'height': 41.54}"
edf6d81b-24eb-402f-a05a-62180050c68b,ORD-000199,FedEx,US-001,2025-09-19,2025-09-29,2025-10-04,Out for Delivery,TRK266372051,22.41,"{'length': 72.38, 'width': 35.2, 'height': 41.76}"
2d261070-7585-472b-a8eb-f57fd5d01b32,ORD-000236,TNT,EU-002,2025-09-29,2025-10-10,2025-10-13,In Transit,TRK555543096,18.88,"{'length': 97.01, 'width': 10.94, 'height': 36.44}"
258f7fe5-8896-4cf8-ae3e-2215697db315,ORD-000228,UPS,AS-001,2025-09-26,2025-10-01,2025-10-05,In Transit,TRK422564830,30.87,"{'length': 30.79, 'width': 41.2, 'height': 25.37}"
95b39cd3-5608-4dbf-994a-5c45c040152c,ORD-000146,DHL,EU-002,2025-10-07,2025-10-14,2025-10-19,In Transit,TRK744261777,78.44,"{'length': 113.17, 'width': 25.5, 'height': 25.72}"
327eabc0-0261-49e4-8485-3daf653c1e21,ORD-000417,DPD,US-001,2025-10-15,2025-10-24,,Delivered,TRK374118474,93.01,"{'length': 155.07, 'width': 98.48, 'height': 28.32}"
41b761b7-da88-4b3d-8fac-9638a51e176a,ORD-000217,TNT,AF-001,2025-10-03,2025-10-17,2025-10-21,Delayed,TRK694552880,48.55,"{'length': 19.62, 'width': 69.01, 'height': 24.23}"
f6485cca-ac17-4ec1-a3e6-b19af2f7adfd,ORD-000215,DPD,US-001,2025-10-07,2025-10-15,2025-10-12,Delayed,TRK263541987,58.02,"{'length': 45.53, 'width': 23.68, 'height': 15.63}"
5400f499-26db-4b77-beab-9ae467f44876,ORD-000224,DHL,AF-001,2025-10-21,2025-10-22,2025-10-19,Processing,TRK950961377,17.81,"{'length': 82.77, 'width': 11.39, 'height': 41.29}"
9593cd4f-70c3-4edc-a195-625ce56da9d5,ORD-000045,DPD,EU-001,2025-08-30,2025-09-12,2025-09-16,Out for Delivery,TRK200866936,80.4,"{'length': 124.27, 'width': 23.39, 'height': 31.57}"
5028f300-683a-4561-9555-0d41d419ce6f,ORD-000106,TNT,EU-001,2025-10-13,2025-10-16,2025-10-21,Delivered,TRK813570094,28.88,"{'length': 76.37, 'width': 71.23, 'height': 12.2}"
056730d2-be6d-48ff-aa66-94267b2e77c0,ORD-000064,TNT,EU-002,2025-09-16,2025-09-18,2025-09-17,In Transit,TRK525192523,95.05,"{'length': 173.69, 'width': 25.73, 'height': 25.88}"
84c5c359-0ac2-4c05-8132-d9f80d67a8f2,ORD-000060,DHL,EU-001,2025-10-23,2025-11-03,2025-11-04,Delivered,TRK578076984,35.39,"{'length': 168.32, 'width': 18.33, 'height': 6.52}"
ab9636fc-9dd7-4ff4-8de4-2dd52839f161,ORD-000048,TNT,AF-001,2025-10-13,2025-10-20,2025-10-23,Processing,TRK575325758,90.76,"{'length': 189.01, 'width': 95.87, 'height': 8.1}"
61f78a9b-8e28-495c-b10e-dab1bbefd156,ORD-000205,DPD,AF-001,2025-10-07,2025-10-11,2025-10-16,In Transit,TRK275875835,11.01,"{'length': 151.67, 'width': 36.27, 'height': 32.87}"
defa6dc7-4b3e-473b-a852-1bba98100d07,ORD-000271,FedEx,AS-001,2025-10-03,2025-10-07,2025-10-12,Delivered,TRK511053916,22.0,"{'length': 82.42, 'width': 83.85, 'height': 28.31}"
6bb1ecda-eb7b-49e5-be7f-daf0291271b1,ORD-000265,TNT,EU-002,2025-08-25,2025-09-07,,Processing,TRK277103740,94.93,"{'length': 95.8, 'width': 49.14, 'height': 46.63}"
595f5335-f5df-491d-b769-87149beec794,ORD-000275,UPS,AS-001,2025-10-04,2025-10-05,2025-10-10,In Transit,TRK944429398,88.91,"{'length': 96.96, 'width': 90.52, 'height': 6.99}"
8cb0af35-1f1c-4847-b81e-b5b52a5c2117,ORD-000153,UPS,EU-001,2025-09-14,2025-09-21,,Delayed,TRK672360938,96.18,"{'length': 166.7, 'width': 94.75, 'height': 18.98}"
24f206b0-895a-4631-a3f4-ede8a40db4b2,ORD-000237,FedEx,US-001,2025-09-12,2025-09-13,2025-09-18,Processing,TRK226908870,50.18,"{'length': 65.25, 'width': 99.53, 'height': 5.33}"
8c1a13db-12ac-4786-98c0-d4ba7e359a35,ORD-000356,UPS,EU-002,2025-10-02,2025-10-16,2025-10-19,Delayed,TRK338749558,42.98,"{'length': 60.36, 'width': 36.85, 'height': 34.24}"
5d29a344-d9fb-47cd-94a6-f5505b21eeb5,ORD-000431,FedEx,EU-001,2025-10-05,2025-10-16,2025-10-19,Delayed,TRK603419148,37.35,"{'length': 149.07, 'width': 57.0, 'height': 44.03}"
4617d5da-64ca-4f93-961b-b6b3e454c1c3,ORD-000128,TNT,AF-001,2025-10-02,2025-10-14,2025-10-12,Delayed,TRK365400232,59.04,"{'length': 23.74, 'width': 75.85, 'height': 7.94}"
280088ce-e242-4554-b242-73ba15f122b1,ORD-000266,FedEx,EU-001,2025-08-25,2025-09-06,2025-09-06,In Transit,TRK819901924,2.76,"{'length': 196.45, 'width': 47.52, 'height': 39.78}"
95823b9e-5e95-457a-863c-751ac810f136,ORD-000220,UPS,US-001,2025-10-22,2025-10-31,,In Transit,TRK861694222,22.1,"{'length': 146.39, 'width': 48.92, 'height': 6.35}"
03c75a85-5fca-434b-998a-ebfdec6791b6,ORD-000490,TNT,EU-001,2025-09-11,2025-09-22,,Processing,TRK158653214,95.73,"{'length': 146.11, 'width': 99.31, 'height': 45.95}"
b71e790a-5c28-4fc3-8c2b-83da7fdd0891,ORD-000267,DPD,EU-001,2025-09-10,2025-09-14,2025-09-14,In Transit,TRK775374389,74.45,"{'length': 28.02, 'width': 57.8, 'height': 10.54}"
41f2047c-8b9f-4653-b996-dd30b82e2ec9,ORD-000426,UPS,EU-001,2025-10-19,2025-11-01,2025-11-02,Delayed,TRK822658884,45.52,"{'length': 138.73, 'width': 44.96, 'height': 20.45}"
fa3ae2c0-bf74-48a6-acce-e7b35fc18a62,ORD-000204,DHL,US-001,2025-10-17,2025-10-20,2025-10-20,In Transit,TRK368651177,11.58,"{'length': 144.27, 'width': 83.98, 'height': 23.14}"
b4d87d7d-9395-40cd-9676-06fe40763acf,ORD-000222,UPS,AS-001,2025-09-13,2025-09-24,2025-09-28,Processing,TRK368279393,17.3,"{'length': 189.67, 'width': 20.77, 'height': 48.08}"
a00e49be-ba9b-4506-b2bc-48fe2f41bcfa,ORD-000112,FedEx,US-001,2025-09-28,2025-10-01,2025-10-02,Delivered,TRK748949343,41.65,"{'length': 139.48, 'width': 50.68, 'height': 15.97}"
35afa73a-63e4-4818-b7fb-1c8daeb07f8f,ORD-000384,UPS,EU-001,2025-10-20,2025-10-25,2025-10-22,In Transit,TRK551467419,76.45,"{'length': 46.59, 'width': 28.69, 'height': 11.28}"
132c20c4-76c7-426d-b4a2-6ea91a029d60,ORD-000474,DPD,US-001,2025-09-20,2025-09-30,,In Transit,TRK623516296,2.21,"{'length': 182.23, 'width': 78.09, 'height': 6.78}"
559d95b1-0eb4-4c15-9dd3-27aa1268b5d6,ORD-000092,UPS,EU-002,2025-09-26,2025-09-28,,Delayed,TRK298268487,6.25,"{'length': 153.98, 'width': 84.3, 'height': 38.08}"
442843be-ccbf-48ed-953f-39a3c0c3f25e,ORD-000099,UPS,AS-001,2025-09-15,2025-09-18,2025-09-17,Delayed,TRK220752844,62.25,"{'length': 50.71, 'width': 98.3, 'height': 16.53}"
7153e606-806e-4b09-848c-cadbe543710e,ORD-000458,DPD,EU-001,2025-09-12,2025-09-16,2025-09-16,In Transit,TRK115414581,8.2,"{'length': 191.44, 'width': 65.19, 'height': 25.71}"
e0d89447-3db3-4bbf-92a5-db0771dab9a9,ORD-000429,FedEx,AS-001,2025-09-28,2025-10-08,2025-10-05,Out for Delivery,TRK457330419,78.5,"{'length': 23.35, 'width': 60.94, 'height': 44.49}"
78982815-b5fb-497c-ba85-0cbb4a8f7c81,ORD-000189,TNT,US-001,2025-08-26,2025-09-05,2025-09-03,Delayed,TRK206303037,12.77,"{'length': 84.22, 'width': 82.22, 'height': 18.38}"
e4380aeb-1ac5-4a47-a571-366973a43415,ORD-000409,UPS,EU-001,2025-09-19,2025-09-29,2025-10-03,Processing,TRK820787550,4.37,"{'length': 87.71, 'width': 67.4, 'height': 12.85}"
e8498622-d732-43df-8237-06a1b7540c8c,ORD-000410,UPS,AF-001,2025-09-15,2025-09-27,,Out for Delivery,TRK766945338,55.46,"{'length': 190.87, 'width': 89.61, 'height': 14.0}"
a5c45bb9-af36-4df1-8781-557867320af2,ORD-000134,DPD,EU-002,2025-08-29,2025-09-01,2025-09-02,Out for Delivery,TRK839976930,2.01,"{'length': 28.07, 'width': 92.89, 'height': 34.01}"
6a793e8e-22d3-4e97-acde-ed8a9d0cf7ee,ORD-000021,FedEx,EU-001,2025-10-02,2025-10-09,2025-10-09,Delivered,TRK988541340,42.03,"{'length': 124.28, 'width': 13.86, 'height': 10.59}"
e7a904a4-31bb-496b-9ccd-e0f9133d6135,ORD-000021,FedEx,EU-001,2025-09-14,2025-09-26,2025-09-26,Processing,TRK227398236,53.15,"{'length': 70.82, 'width': 22.82, 'height': 33.82}"
b6adeebc-e5be-4df2-a292-3c11fde08a19,ORD-000192,FedEx,EU-002,2025-09-23,2025-09-24,,Delivered,TRK227177553,71.85,"{'length': 45.04, 'width': 37.62, 'height': 13.74}"
36ec038f-66b6-4c19-b300-94384ee9c6f7,ORD-000462,DPD,AS-001,2025-08-27,2025-08-28,2025-09-02,Processing,TRK226026564,72.12,"{'length': 187.62, 'width': 15.99, 'height': 22.5}"
ac1f2740-1698-4c91-ba4d-8ff935457929,ORD-000173,DHL,EU-001,2025-08-26,2025-08-28,2025-09-02,Delivered,TRK764668599,82.8,"{'length': 128.79, 'width': 33.73, 'height': 31.61}"
e41b000a-d6a9-41e7-9071-27f43a49f33c,ORD-000491,TNT,AF-001,2025-10-13,2025-10-22,2025-10-21,In Transit,TRK184195986,90.45,"{'length': 103.83, 'width': 56.7, 'height': 6.29}"
735c6852-01fe-4bcb-ac6a-06633dc5f2bc,ORD-000111,FedEx,AF-001,2025-09-24,2025-09-26,2025-09-27,Delivered,TRK924354772,90.46,"{'length': 39.73, 'width': 83.34, 'height': 12.65}"
d24d021f-3a7b-424d-91d4-3247874a5816,ORD-000008,DHL,EU-002,2025-08-28,2025-09-07,2025-09-10,In Transit,TRK443307069,31.53,"{'length': 45.37, 'width': 99.58, 'height': 39.35}"
e056b1f9-8f7f-4afd-9848-9e0dea4ec4fe,ORD-000391,DHL,US-001,2025-10-19,2025-10-23,2025-10-28,Processing,TRK309595534,20.25,"{'length': 122.34, 'width': 23.35, 'height': 26.0}"
b98a5c2b-31a5-44f7-b98c-07a09529e3a9,ORD-000038,DHL,EU-001,2025-09-04,2025-09-18,2025-09-22,Delayed,TRK703564300,9.68,"{'length': 132.66, 'width': 11.33, 'height': 36.54}"
35af0b59-8384-4d60-a442-e8cb991d3a9b,ORD-000447,TNT,EU-001,2025-10-21,2025-10-29,,Delayed,TRK835286211,64.87,"{'length': 97.29, 'width': 91.24, 'height': 32.94}"
79a9498f-c0a7-414a-b4ce-f304cd16e35b,ORD-000264,TNT,AF-001,2025-09-24,2025-09-26,2025-09-24,Delayed,TRK761921847,23.26,"{'length': 100.29, 'width': 90.37, 'height': 42.54}"
14dee33e-588c-4e5d-a06d-3f32532a9e59,ORD-000017,DHL,AS-001,2025-08-26,2025-08-28,,Processing,TRK329300227,98.68,"{'length': 164.65, 'width': 88.19, 'height': 23.42}"
ba17761d-de5c-4c29-a7f8-c466a891b015,ORD-000049,FedEx,US-001,2025-09-06,2025-09-07,2025-09-08,Out for Delivery,TRK253870621,98.82,"{'length': 77.85, 'width': 62.03, 'height': 20.5}"
a5993b51-3ef9-4836-9899-c7fa98ec5168,ORD-000083,TNT,AS-001,2025-10-19,2025-10-20,2025-10-22,Delivered,TRK447651035,82.35,"{'length': 25.51, 'width': 62.75, 'height': 10.36}"
0b3840f0-3a1f-476f-bbe0-edcc8dc5e509,ORD-000417,DPD,US-001,2025-08-25,2025-09-05,2025-09-02,Out for Delivery,TRK466905851,84.79,"{'length': 141.15, 'width': 19.1, 'height': 9.54}"
7adff028-1b96-47b1-aa00-7a132c7a4abb,ORD-000402,FedEx,EU-002,2025-10-16,2025-10-19,2025-10-16,Processing,TRK100568435,23.42,"{'length': 14.26, 'width': 52.97, 'height': 26.86}"
71c4a893-3300-4538-878e-921ec1cf3622,ORD-000189,UPS,AS-001,2025-09-21,2025-09-26,2025-09-24,Delayed,TRK816839091,53.85,"{'length': 72.66, 'width': 79.36, 'height': 28.73}"
d9895011-00af-474c-bedf-b59b075801e2,ORD-000252,UPS,AS-001,2025-09-04,2025-09-14,2025-09-18,Delayed,TRK964448935,13.24,"{'length': 80.24, 'width': 95.43, 'height': 36.67}"
e7d1eed5-3a8e-4320-9fb8-4e1f85bc9de0,ORD-000095,UPS,AS-001,2025-08-26,2025-09-04,,In Transit,TRK692368884,39.67,"{'length': 161.48, 'width': 97.24, 'height': 19.31}"
d1f9c826-a5d1-4404-bf49-4ab93d2da07f,ORD-000049,DPD,US-001,2025-09-23,2025-10-03,2025-09-30,Out for Delivery,TRK850686986,65.67,"{'length': 164.03, 'width': 97.88, 'height': 36.08}"
ed7a4b7c-046e-47d4-9172-9d0c10915c85,ORD-000240,UPS,US-001,2025-09-24,2025-10-03,,Processing,TRK103844944,76.77,"{'length': 58.86, 'width': 91.24, 'height': 25.13}"
fb1b7b27-8f5a-4b67-a120-82ee4a97f285,ORD-000235,FedEx,EU-002,2025-09-13,2025-09-17,,Delayed,TRK607141423,38.87,"{'length': 129.31, 'width': 62.37, 'height': 11.2}"
228dd1de-a0d0-481b-a893-845cf3152f5e,ORD-000112,UPS,AS-001,2025-10-21,2025-10-26,2025-10-23,Delayed,TRK121866569,29.2,"{'length': 142.33, 'width': 72.56, 'height': 45.0}"
e6943640-c066-472e-90a9-4e8ad36d6f9f,ORD-000005,UPS,US-001,2025-09-29,2025-10-13,,Delayed,TRK259787754,94.2,"{'length': 189.11, 'width': 79.32, 'height': 31.66}"
b61e6daf-2928-49f4-85d6-e6a36347b0ec,ORD-000137,DHL,EU-001,2025-09-01,2025-09-11,2025-09-11,Delivered,TRK156178651,51.37,"{'length': 112.57, 'width': 59.52, 'height': 36.44}"
45355ee5-5fe2-4bd0-900f-5d015f6fe112,ORD-000429,UPS,EU-002,2025-08-27,2025-09-01,,Processing,TRK755251267,10.11,"{'length': 37.84, 'width': 11.14, 'height': 46.89}"
e290b76e-5536-432f-b3e8-1425c29005a3,ORD-000391,UPS,EU-001,2025-09-18,2025-09-24,2025-09-28,Out for Delivery,TRK802693277,59.09,"{'length': 120.44, 'width': 77.08, 'height': 27.16}"
a2cccf51-28bb-42af-afa1-f8964ae39aff,ORD-000041,TNT,US-001,2025-10-21,2025-10-26,2025-10-26,In Transit,TRK861748987,73.8,"{'length': 166.19, 'width': 75.42, 'height': 16.93}"
82a9b468-4454-4392-aa36-a1109ce176b0,ORD-000461,TNT,AF-001,2025-10-09,2025-10-12,2025-10-17,Processing,TRK871005446,35.13,"{'length': 109.3, 'width': 30.98, 'height': 34.91}"
516d97fe-40bd-42d6-a911-7b6ab6d3d1c0,ORD-000432,UPS,US-001,2025-08-25,2025-09-01,,Out for Delivery,TRK567943964,4.56,"{'length': 12.99, 'width': 43.9, 'height': 48.62}"
308ff187-0bb2-4875-b221-5d49fb76740f,ORD-000426,TNT,AF-001,2025-09-10,2025-09-16,2025-09-17,Out for Delivery,TRK136268477,27.05,"{'length': 30.1, 'width': 22.91, 'height': 46.34}"
6ad2e0cf-06e9-4cbf-8c38-978935a62605,ORD-000454,DPD,US-001,2025-10-11,2025-10-25,2025-10-26,Delayed,TRK671120093,74.79,"{'length': 190.75, 'width': 83.01, 'height': 27.12}"
92713bcf-e940-439a-9f30-3cb3e2b364f0,ORD-000364,DHL,AS-001,2025-09-06,2025-09-13,,Delivered,TRK713485463,52.06,"{'length': 14.01, 'width': 24.26, 'height': 41.43}"
752a717f-8e5b-4bee-8dba-22d3dbedcd87,ORD-000078,DHL,AF-001,2025-09-15,2025-09-18,,In Transit,TRK944208129,25.77,"{'length': 139.31, 'width': 94.5, 'height': 31.91}"
63813ec6-1ac3-48cc-86fd-4d7c2396a30e,ORD-000170,TNT,EU-001,2025-09-04,2025-09-05,2025-09-06,Processing,TRK952628975,62.58,"{'length': 188.57, 'width': 99.84, 'height': 42.35}"
12ede5be-50b5-45b9-9e15-6e75a185bd3f,ORD-000356,UPS,EU-002,2025-09-27,2025-10-09,2025-10-11,Processing,TRK559545212,92.95,"{'length': 142.8, 'width': 19.76, 'height': 35.82}"
ba34bb77-22b5-431c-a38a-dbcc6c983a8c,ORD-000062,TNT,EU-001,2025-10-07,2025-10-10,2025-10-08,Processing,TRK617184323,90.32,"{'length': 180.47, 'width': 43.31, 'height': 20.18}"
8c1270c1-ef3e-4bee-b918-d3c96a5d148a,ORD-000063,UPS,AS-001,2025-08-29,2025-09-05,,In Transit,TRK744420705,8.0,"{'length': 20.05, 'width': 53.69, 'height': 7.06}"
cec8a48d-07ce-440b-aa99-f2b88bcdcda6,ORD-000263,DHL,EU-001,2025-10-16,2025-10-28,2025-10-27,Delayed,TRK952556984,69.56,"{'length': 107.75, 'width': 26.35, 'height': 12.25}"
86600ac0-39d9-40ca-8047-959648b00510,ORD-000278,DHL,AS-001,2025-10-06,2025-10-17,,Out for Delivery,TRK560819994,13.79,"{'length': 156.66, 'width': 74.4, 'height': 26.02}"
63c6f3ca-81b1-4852-98a9-984c1efde85a,ORD-000484,DPD,EU-001,2025-09-26,2025-10-06,2025-10-09,Out for Delivery,TRK831379477,19.1,"{'length': 188.3, 'width': 13.6, 'height': 45.44}"
af742fab-f2db-41ee-8bdc-7dc341f2c3ad,ORD-000463,FedEx,US-001,2025-10-11,2025-10-20,2025-10-23,Out for Delivery,TRK582994376,69.52,"{'length': 142.26, 'width': 35.6, 'height': 44.0}"
4ec5757b-dd4c-48b0-b699-adc533bfb1eb,ORD-000366,TNT,EU-002,2025-09-11,2025-09-12,2025-09-12,Out for Delivery,TRK116038685,88.26,"{'length': 45.58, 'width': 68.07, 'height': 20.89}"
81dcec65-395d-4aa4-a1ea-a8be920b2f8b,ORD-000055,DPD,US-001,2025-09-21,2025-10-01,2025-09-29,Delivered,TRK902386067,9.26,"{'length': 57.54, 'width': 99.92, 'height': 18.91}"
ff56c913-b475-4d91-abc4-721db6a75ec9,ORD-000409,TNT,US-001,2025-10-05,2025-10-17,2025-10-14,Delivered,TRK913230898,33.54,"{'length': 92.3, 'width': 80.24, 'height': 5.57}"
a5b7f10a-ca59-4ed9-bb7a-56267d489f80,ORD-000073,UPS,EU-002,2025-09-15,2025-09-19,,Out for Delivery,TRK129288594,93.86,"{'length': 151.23, 'width': 30.17, 'height': 27.97}"
c0c46565-387a-4bdc-9dbf-769a908448e5,ORD-000457,FedEx,EU-002,2025-09-02,2025-09-03,2025-08-31,In Transit,TRK582255543,15.37,"{'length': 124.17, 'width': 67.31, 'height': 19.71}"
a7b013e3-797d-41d6-b41d-fe52816aa286,ORD-000405,TNT,US-001,2025-10-08,2025-10-19,2025-10-20,Out for Delivery,TRK590813400,45.72,"{'length': 14.2, 'width': 68.73, 'height': 37.4}"
36892cdb-6c9e-4015-8cb1-b9a26dbea215,ORD-000119,TNT,EU-002,2025-09-07,2025-09-21,2025-09-23,Delivered,TRK450274933,65.22,"{'length': 142.51, 'width': 93.22, 'height': 38.3}"
940e0731-49ac-4208-9b10-89f94b7dc01e,ORD-000122,TNT,EU-001,2025-10-17,2025-10-29,2025-10-29,Delivered,TRK432468350,57.73,"{'length': 79.19, 'width': 76.97, 'height': 33.26}"
cde605ea-1867-42fe-8ee5-4ae8a7d099e1,ORD-000122,UPS,EU-001,2025-10-21,2025-10-25,,Delivered,TRK983662188,34.73,"{'length': 190.71, 'width': 99.63, 'height': 36.24}"
8ea33971-f5dd-4371-9571-c1b55a7a51d4,ORD-000233,DPD,EU-002,2025-09-23,2025-09-29,,Delivered,TRK986491198,29.35,"{'length': 141.15, 'width': 50.02, 'height': 25.32}"
0e6d3c3d-5ddc-4813-a30b-f4c71576b5f4,ORD-000185,UPS,EU-002,2025-09-21,2025-10-01,2025-09-28,Out for Delivery,TRK530955570,54.91,"{'length': 138.5, 'width': 31.38, 'height': 44.85}"
4bdc1979-f750-431b-8a00-1a9c9098f2e2,ORD-000076,UPS,US-001,2025-10-18,2025-10-22,,In Transit,TRK473434610,89.31,"{'length': 80.78, 'width': 72.66, 'height': 27.79}"
a1d35d8f-f0dc-47d6-9d1d-550134615b6e,ORD-000158,UPS,AS-001,2025-09-24,2025-10-08,2025-10-13,Delayed,TRK206338753,94.81,"{'length': 178.44, 'width': 97.26, 'height': 22.84}"
cd65fbfc-d715-477c-a4bd-0bcc01934f5d,ORD-000375,TNT,EU-002,2025-10-23,2025-11-01,,Processing,TRK734713371,16.32,"{'length': 135.58, 'width': 11.77, 'height': 20.09}"
3c493af7-c850-4d77-9114-0f31e60092d4,ORD-000133,DPD,AF-001,2025-09-08,2025-09-17,2025-09-20,Delayed,TRK422360109,97.96,"{'length': 149.91, 'width': 10.51, 'height': 7.04}"
74dae345-b723-48b3-906e-41aea10f27b4,ORD-000444,UPS,EU-001,2025-09-20,2025-09-30,2025-10-04,Processing,TRK806205939,8.96,"{'length': 123.42, 'width': 64.76, 'height': 15.51}"
40305a70-e1c4-4592-90a6-05ab8ff8cebe,ORD-000039,FedEx,US-001,2025-10-05,2025-10-09,,Delivered,TRK429113033,44.21,"{'length': 40.81, 'width': 84.83, 'height': 44.9}"
51828153-453e-4c71-a28d-263c05f871af,ORD-000219,TNT,US-001,2025-10-17,2025-10-24,,Delayed,TRK605631156,6.81,"{'length': 84.78, 'width': 19.33, 'height': 45.72}"
9674f3af-43ae-4e3d-9e4e-7c098bbea8a3,ORD-000139,DPD,US-001,2025-10-04,2025-10-17,2025-10-20,Delivered,TRK716186649,80.42,"{'length': 186.02, 'width': 63.04, 'height': 27.92}"
1d8eafb3-3ac9-4d38-9b85-9c399d4970e8,ORD-000311,DPD,EU-001,2025-09-25,2025-10-07,2025-10-04,Delivered,TRK533183948,89.81,"{'length': 14.2, 'width': 37.45, 'height': 14.29}"
28fda37b-fa26-4bc8-95a3-b10a4c84b48d,ORD-000152,UPS,EU-002,2025-09-19,2025-09-28,2025-09-25,Out for Delivery,TRK598133729,17.48,"{'length': 193.85, 'width': 78.17, 'height': 42.84}"
5d64f2a9-b53c-46f9-8dcc-2e8f92bb6163,ORD-000125,DPD,US-001,2025-09-24,2025-10-06,,Delivered,TRK748835435,99.42,"{'length': 134.85, 'width': 82.11, 'height': 49.31}"
8849c970-1cd3-41f0-9886-8711b7d49c0b,ORD-000075,FedEx,US-001,2025-10-22,2025-10-31,2025-11-01,Delayed,TRK895259333,50.98,"{'length': 60.02, 'width': 35.3, 'height': 26.86}"
914bfdfc-af9e-4333-9444-9261267c6c3c,ORD-000102,FedEx,EU-002,2025-10-10,2025-10-13,2025-10-13,Delivered,TRK302458358,4.65,"{'length': 103.67, 'width': 47.4, 'height': 28.18}"
f9122cbb-6f3c-4ec5-bda8-489aa6b1133b,ORD-000219,TNT,AF-001,2025-09-19,2025-09-29,,Out for Delivery,TRK555044813,10.26,"{'length': 105.83, 'width': 46.89, 'height': 45.53}"
0ece3a18-5540-498f-a5e3-7ad5d8ad38dd,ORD-000264,DPD,AF-001,2025-09-23,2025-09-26,2025-09-30,Delivered,TRK401223333,26.57,"{'length': 33.65, 'width': 96.34, 'height': 35.57}"
8bfa1a0b-2f29-4ec4-9b80-efeafba08c2d,ORD-000027,UPS,EU-002,2025-09-14,2025-09-26,2025-09-24,In Transit,TRK373410126,63.16,"{'length': 190.52, 'width': 21.61, 'height': 18.92}"
ed41e667-dcf7-43ff-b7f7-12d3b2d14845,ORD-000251,DHL,AS-001,2025-09-15,2025-09-26,2025-10-01,Delivered,TRK308009689,70.81,"{'length': 30.49, 'width': 70.45, 'height': 38.66}"
faba8365-5da7-4e37-b496-be995911ee13,ORD-000063,TNT,EU-001,2025-09-04,2025-09-17,2025-09-14,Delayed,TRK420487051,53.12,"{'length': 71.27, 'width': 89.49, 'height': 13.51}"
ab1cfeb4-31f2-4e30-8041-ef77ca98924c,ORD-000091,FedEx,EU-002,2025-09-20,2025-09-30,,Delayed,TRK704698513,10.68,"{'length': 194.01, 'width': 38.87, 'height': 44.27}"
68ea29b4-a6c5-46cc-bc3d-6197f72571c8,ORD-000234,FedEx,US-001,2025-10-17,2025-10-18,2025-10-17,In Transit,TRK870312700,16.62,"{'length': 91.08, 'width': 75.59, 'height': 21.1}"
12d325b0-8fda-4b15-bcdd-9d8041fffd39,ORD-000463,UPS,AF-001,2025-09-18,2025-09-22,2025-09-26,Out for Delivery,TRK473813012,60.28,"{'length': 131.19, 'width': 80.28, 'height': 22.4}"
48cb3029-8c91-410b-811a-8688ce248bfb,ORD-000114,DHL,US-001,2025-10-15,2025-10-17,2025-10-16,Out for Delivery,TRK201083230,37.63,"{'length': 84.64, 'width': 46.93, 'height': 14.59}"
0b591c26-20ae-44f2-be08-7849e238d70a,ORD-000185,UPS,EU-001,2025-09-23,2025-09-30,2025-10-04,Delivered,TRK794979633,51.56,"{'length': 162.89, 'width': 96.69, 'height': 10.0}"
7f8cb9cb-2dd6-461f-998d-83b094b3571e,ORD-000293,DPD,AF-001,2025-10-08,2025-10-15,2025-10-20,In Transit,TRK153906052,24.74,"{'length': 195.68, 'width': 75.95, 'height': 19.39}"
5e9ec037-f996-4e29-8fe6-f99319e56005,ORD-000396,UPS,US-001,2025-09-28,2025-09-30,,Out for Delivery,TRK735348717,25.61,"{'length': 73.1, 'width': 59.03, 'height': 33.94}"
78722a72-1143-4d6a-a588-e099d61eb8ae,ORD-000182,UPS,AS-001,2025-10-09,2025-10-15,2025-10-14,In Transit,TRK633093739,2.38,"{'length': 185.33, 'width': 58.61, 'height': 7.69}"
284f3b60-cb1e-4d40-ab11-df4d52a5eec4,ORD-000136,TNT,AF-001,2025-10-05,2025-10-10,2025-10-15,Delayed,TRK610763473,46.66,"{'length': 44.81, 'width': 65.84, 'height': 43.26}"
e84a9291-f5e0-428e-9922-ef3123cd5ad8,ORD-000045,DHL,EU-002,2025-09-09,2025-09-11,2025-09-16,Delivered,TRK886261580,86.56,"{'length': 49.55, 'width': 74.66, 'height': 34.5}"
e37de3d3-a34c-44f6-a2f0-df65e8feeed8,ORD-000243,FedEx,EU-002,2025-09-24,2025-10-05,,Processing,TRK303668334,82.7,"{'length': 55.84, 'width': 83.82, 'height': 23.82}"
32cc9075-7521-4688-8921-352d9eea4fee,ORD-000478,DHL,AS-001,2025-09-15,2025-09-19,,Delivered,TRK685986896,74.42,"{'length': 177.12, 'width': 41.11, 'height': 36.16}"
1c58f718-cf7d-4c74-af92-91d5d7d6709b,ORD-000183,DPD,US-001,2025-09-11,2025-09-15,,Delivered,TRK962710000,86.93,"{'length': 183.66, 'width': 59.68, 'height': 49.44}"
629ce5da-d0a0-4055-9eb8-d98c1ae543a6,ORD-000087,DHL,AS-001,2025-09-30,2025-10-03,2025-10-05,Delayed,TRK181473624,85.94,"{'length': 123.83, 'width': 48.75, 'height': 30.46}"
8166b6a4-1523-47ce-9ebc-99c1fff7ba88,ORD-000197,TNT,US-001,2025-10-21,2025-10-27,,Delayed,TRK390753846,2.47,"{'length': 147.67, 'width': 53.58, 'height': 33.44}"
1c497f29-e043-4e22-bbbd-41ff9dfd367e,ORD-000176,FedEx,AS-001,2025-09-24,2025-09-29,2025-09-29,Processing,TRK862690434,90.18,"{'length': 27.31, 'width': 53.47, 'height': 36.88}"
3ed87be9-1585-417a-84e2-f19a10a2b31a,ORD-000491,FedEx,AF-001,2025-08-31,2025-09-11,,Out for Delivery,TRK260927767,37.08,"{'length': 61.36, 'width': 29.2, 'height': 8.81}"
8321e2fd-1538-4c57-92c4-e67a5f7b6ceb,ORD-000040,UPS,EU-001,2025-09-26,2025-10-08,2025-10-10,Processing,TRK179914345,49.07,"{'length': 15.77, 'width': 25.78, 'height': 18.13}"
aad9c129-bd1b-412e-9367-50126bf3c3b0,ORD-000383,DHL,AS-001,2025-08-29,2025-09-01,,In Transit,TRK426588273,76.8,"{'length': 69.05, 'width': 44.66, 'height': 40.03}"
2a8b1506-a660-4255-9685-c505f712ffb4,ORD-000170,TNT,US-001,2025-10-04,2025-10-15,2025-10-16,Out for Delivery,TRK255592292,41.4,"{'length': 57.53, 'width': 24.3, 'height': 19.4}"
d1d72b7b-6f5b-49d2-8b05-d2f1b968bbdb,ORD-000301,TNT,AF-001,2025-09-28,2025-10-10,,Delivered,TRK848807295,27.09,"{'length': 84.59, 'width': 55.25, 'height': 23.18}"
96e4c5c1-e3b8-4423-bcc1-d3bd2090e564,ORD-000282,DHL,EU-001,2025-08-27,2025-09-08,2025-09-10,Delayed,TRK599552337,96.91,"{'length': 58.93, 'width': 86.79, 'height': 22.14}"
3d5c8606-79f6-4d6b-a034-39af23ffa160,ORD-000008,UPS,EU-001,2025-09-02,2025-09-11,2025-09-11,Delivered,TRK522138242,73.98,"{'length': 194.6, 'width': 59.69, 'height': 13.51}"
d5c49792-bbab-440c-ab8c-c0247391f0c4,ORD-000318,FedEx,EU-002,2025-08-25,2025-09-06,,Delayed,TRK575835029,41.15,"{'length': 127.04, 'width': 12.12, 'height': 30.04}"
5a41a192-aafa-4332-9537-4964ab2fa98d,ORD-000303,FedEx,AF-001,2025-10-15,2025-10-20,,In Transit,TRK955216925,90.59,"{'length': 164.23, 'width': 51.98, 'height': 19.89}"
59883e61-05ce-4d44-af12-3e5c72253242,ORD-000058,DHL,US-001,2025-09-14,2025-09-22,,In Transit,TRK380529759,92.03,"{'length': 154.21, 'width': 95.98, 'height': 8.23}"
f8863e10-b04f-4a6e-8a7f-c9a858ee73cf,ORD-000021,DHL,US-001,2025-10-01,2025-10-02,2025-10-06,Delivered,TRK466419678,13.65,"{'length': 81.43, 'width': 84.68, 'height': 8.1}"
792aa23d-5c01-4c97-b027-6626d2d63666,ORD-000203,TNT,EU-002,2025-10-01,2025-10-11,2025-10-15,Delayed,TRK599340259,38.6,"{'length': 31.25, 'width': 77.89, 'height': 16.16}"
7511fea4-4ba8-4f71-b7d3-0c19a02db5cd,ORD-000278,TNT,US-001,2025-10-09,2025-10-10,,Delayed,TRK297483004,35.48,"{'length': 84.3, 'width': 45.84, 'height': 17.93}"
d1081253-288b-4aa6-ba4a-a298d9833ac2,ORD-000200,DHL,EU-001,2025-08-28,2025-09-11,2025-09-12,Processing,TRK113524388,83.19,"{'length': 33.97, 'width': 53.72, 'height': 32.8}"
4fbb43e3-0a4e-49c4-a00b-a79982078458,ORD-000418,DHL,EU-002,2025-09-04,2025-09-10,,Delivered,TRK126223960,64.03,"{'length': 31.55, 'width': 84.71, 'height': 19.08}"
25603470-5389-495b-8f66-95067505b0ab,ORD-000032,UPS,AS-001,2025-09-07,2025-09-08,2025-09-12,Delivered,TRK644897077,58.03,"{'length': 185.46, 'width': 62.23, 'height': 9.26}"
66fd5abb-58a2-4520-833c-2e0d7bca3e1b,ORD-000063,UPS,EU-002,2025-10-14,2025-10-18,2025-10-18,In Transit,TRK304509429,68.24,"{'length': 134.77, 'width': 76.43, 'height': 14.12}"
3a268f89-d44c-46fb-b6b6-3fcec4bbad9c,ORD-000281,UPS,AS-001,2025-10-19,2025-10-31,2025-11-03,Processing,TRK672878043,34.3,"{'length': 23.94, 'width': 34.34, 'height': 15.64}"
75dc0c7a-b01f-4469-af0e-dcd96310e49e,ORD-000117,DHL,AS-001,2025-09-27,2025-10-11,,Processing,TRK488663731,9.03,"{'length': 94.8, 'width': 25.46, 'height': 32.36}"
6706c61a-6c3f-488a-bb97-6964c505fa0e,ORD-000109,FedEx,EU-002,2025-08-30,2025-08-31,2025-09-02,Processing,TRK167137521,75.94,"{'length': 72.15, 'width': 19.24, 'height': 31.5}"
45d22f5a-a092-4b72-91eb-135111ae822e,ORD-000481,UPS,AS-001,2025-08-30,2025-09-13,2025-09-18,Delivered,TRK761334641,5.53,"{'length': 183.02, 'width': 78.84, 'height': 38.0}"
eb3145e9-187f-49a8-a39f-5a52e6e807d4,ORD-000324,TNT,AF-001,2025-09-06,2025-09-10,2025-09-15,Out for Delivery,TRK282219237,52.09,"{'length': 145.83, 'width': 69.02, 'height': 6.8}"
761d31fc-5200-4638-b214-c110c00de1f7,ORD-000397,UPS,EU-002,2025-10-20,2025-10-29,2025-10-28,Out for Delivery,TRK571683793,57.41,"{'length': 158.38, 'width': 85.67, 'height': 45.93}"
43cdc51d-27be-41ba-9d9b-9842d32a6a21,ORD-000431,DHL,AS-001,2025-08-31,2025-09-08,,Processing,TRK674316174,32.09,"{'length': 71.78, 'width': 15.74, 'height': 21.49}"
81f2a66b-7b1c-404a-88b1-720e94b7502d,ORD-000033,UPS,AS-001,2025-08-27,2025-09-01,,Delivered,TRK711069353,11.06,"{'length': 163.18, 'width': 22.23, 'height': 26.54}"
d5c82cb0-4902-48fc-8b94-a2ee45bb3fdc,ORD-000470,DPD,US-001,2025-09-29,2025-10-09,2025-10-13,Delayed,TRK788622826,81.07,"{'length': 156.51, 'width': 37.75, 'height': 33.33}"
039043c6-0c79-4b7a-b442-8bce10f4422c,ORD-000194,DHL,AF-001,2025-08-29,2025-09-04,,Processing,TRK934974603,43.83,"{'length': 49.95, 'width': 49.22, 'height': 19.49}"
47c4b2a2-020b-466b-8602-3cb3d7588ea4,ORD-000398,DPD,AF-001,2025-09-11,2025-09-22,2025-09-25,Out for Delivery,TRK178320720,82.11,"{'length': 167.97, 'width': 56.71, 'height': 42.68}"
dd1f7295-dcf2-4862-a79e-ebda43924069,ORD-000256,TNT,EU-002,2025-10-17,2025-10-24,2025-10-27,Processing,TRK531644349,19.79,"{'length': 28.2, 'width': 67.76, 'height': 31.07}"
3dcfbbf7-1628-47e8-92d0-f9cd3385ba9e,ORD-000049,UPS,US-001,2025-08-31,2025-09-12,2025-09-14,Out for Delivery,TRK999824018,67.51,"{'length': 37.0, 'width': 24.69, 'height': 18.94}"
361e0aca-98af-4965-8940-ed9c7f86ecee,ORD-000091,UPS,EU-002,2025-10-14,2025-10-19,,Processing,TRK741423321,70.5,"{'length': 24.38, 'width': 61.14, 'height': 39.05}"
4f362ca6-b5a5-47ce-ab4f-f632f1eb9b99,ORD-000368,UPS,AS-001,2025-09-22,2025-10-05,2025-10-10,Delayed,TRK488397931,57.67,"{'length': 70.56, 'width': 61.73, 'height': 17.12}"
187f29eb-aafb-47ce-9343-075bb8078d94,ORD-000061,TNT,US-001,2025-10-19,2025-10-28,,Out for Delivery,TRK150785520,39.64,"{'length': 37.19, 'width': 61.27, 'height': 41.49}"
aeac9a2d-2f63-4966-83ec-4981dcf7d6ae,ORD-000493,DPD,EU-002,2025-09-13,2025-09-20,2025-09-24,Delivered,TRK949913576,90.72,"{'length': 186.78, 'width': 27.86, 'height': 19.96}"
7ba98f55-034c-409e-8880-5fe3a8efa2f8,ORD-000456,FedEx,AF-001,2025-10-05,2025-10-14,2025-10-16,Processing,TRK678109650,29.17,"{'length': 195.76, 'width': 81.67, 'height': 11.08}"
44bdb917-1f17-4fc9-81d7-b651d7355ab3,ORD-000403,UPS,EU-001,2025-10-22,2025-10-24,2025-10-25,Delivered,TRK335995116,51.03,"{'length': 163.07, 'width': 61.53, 'height': 37.67}"
83d24d39-aede-456b-88bb-a578c94d923e,ORD-000349,DPD,US-001,2025-09-02,2025-09-10,2025-09-07,Processing,TRK518697756,82.22,"{'length': 108.36, 'width': 64.8, 'height': 41.26}"
98a5f5f1-89af-4015-b7aa-ce4b361489e6,ORD-000066,TNT,AS-001,2025-09-16,2025-09-28,2025-09-30,In Transit,TRK209274546,14.87,"{'length': 79.29, 'width': 24.76, 'height': 35.41}"
9b556208-6026-4299-b345-32c492884f7a,ORD-000025,UPS,AF-001,2025-10-14,2025-10-21,2025-10-26,In Transit,TRK876607357,66.02,"{'length': 139.6, 'width': 75.43, 'height': 42.46}"
138b29fb-4d1e-4f38-b74c-877365f85a65,ORD-000440,UPS,AF-001,2025-09-26,2025-10-03,2025-10-06,Delayed,TRK764392161,50.35,"{'length': 33.97, 'width': 45.5, 'height': 12.8}"
f79ce661-6c32-44f7-a403-ff5126b2b95a,ORD-000375,DHL,AF-001,2025-09-10,2025-09-22,2025-09-23,Processing,TRK903689019,51.55,"{'length': 181.86, 'width': 42.91, 'height': 38.74}"
7ed4f704-a4f0-42b5-a244-fdb02055beb5,ORD-000368,DPD,EU-001,2025-10-16,2025-10-25,2025-10-23,Delivered,TRK480458346,23.12,"{'length': 27.56, 'width': 49.24, 'height': 14.93}"
687bbedf-fa79-4edd-9b91-3183918849b4,ORD-000002,UPS,AS-001,2025-10-06,2025-10-18,,Delayed,TRK476572702,87.83,"{'length': 38.9, 'width': 64.28, 'height': 40.27}"
901e098c-5291-4527-ba28-aef89f39b77c,ORD-000256,DPD,EU-001,2025-10-14,2025-10-15,,In Transit,TRK999767580,6.98,"{'length': 19.97, 'width': 17.86, 'height': 9.09}"
db67b4c0-752a-44bf-97ca-7aa272f48e2e,ORD-000193,DPD,EU-002,2025-08-26,2025-08-29,2025-08-26,Out for Delivery,TRK213376112,56.97,"{'length': 118.16, 'width': 44.46, 'height': 28.31}"
90498e70-b444-40ab-9962-06cdab6f4300,ORD-000162,DHL,EU-001,2025-10-22,2025-10-29,2025-10-29,Delivered,TRK782174042,11.91,"{'length': 99.65, 'width': 37.91, 'height': 22.08}"
6aeba0d8-583f-47a9-9d1c-b0d000f5ecee,ORD-000265,UPS,EU-001,2025-10-23,2025-10-25,2025-10-30,Delivered,TRK612782358,70.9,"{'length': 66.57, 'width': 77.05, 'height': 7.91}"
181397f0-9f7a-4534-9351-62c1d387d921,ORD-000186,FedEx,EU-001,2025-10-19,2025-10-21,2025-10-25,Out for Delivery,TRK574794570,66.87,"{'length': 10.96, 'width': 41.26, 'height': 12.43}"
ff9acdfa-ac77-4271-ac85-ff3fbed6b533,ORD-000254,DPD,US-001,2025-09-16,2025-09-28,2025-10-01,Delayed,TRK292044227,14.73,"{'length': 76.69, 'width': 18.11, 'height': 42.7}"
f8165cab-e011-4121-a370-0fab39a191c7,ORD-000350,UPS,US-001,2025-10-14,2025-10-25,,Processing,TRK714557864,93.94,"{'length': 189.09, 'width': 92.41, 'height': 32.36}"
0fb63b88-4332-4b87-a53b-174aef5c8775,ORD-000269,UPS,AS-001,2025-09-04,2025-09-09,2025-09-08,In Transit,TRK204403419,11.77,"{'length': 132.92, 'width': 52.1, 'height': 30.99}"
48985ed5-37ff-4557-934c-9ee2ddb3b151,ORD-000083,TNT,US-001,2025-10-06,2025-10-17,2025-10-21,Processing,TRK122634524,16.36,"{'length': 69.17, 'width': 37.93, 'height': 5.15}"
0bd00424-40cb-4c44-bc16-32af7018ae48,ORD-000458,UPS,US-001,2025-08-30,2025-09-05,2025-09-06,Delayed,TRK812742703,66.93,"{'length': 79.06, 'width': 71.4, 'height': 13.86}"
811e5c7f-d7fe-4b73-a048-3426b8d76617,ORD-000102,DHL,EU-002,2025-10-17,2025-10-26,,Out for Delivery,TRK212266381,89.84,"{'length': 197.52, 'width': 93.7, 'height': 42.1}"
ff101ef3-e67c-4edd-8ded-9f01a03f8093,ORD-000197,DHL,AF-001,2025-10-20,2025-10-27,,Delivered,TRK120215848,92.45,"{'length': 198.79, 'width': 51.02, 'height': 39.32}"
12a75b29-2e1e-4d5f-867c-f52b4980b638,ORD-000210,DPD,EU-002,2025-09-15,2025-09-20,2025-09-21,Delayed,TRK185744424,60.62,"{'length': 70.68, 'width': 61.56, 'height': 30.82}"
4cc9a0ad-40fd-4af3-a65d-0cc32511c64f,ORD-000181,DHL,EU-002,2025-08-25,2025-09-01,2025-09-01,Processing,TRK729797722,62.56,"{'length': 12.89, 'width': 96.02, 'height': 19.88}"
9d4be5e4-72b1-49e5-8517-4ffb8b6be79d,ORD-000301,FedEx,EU-001,2025-09-25,2025-10-02,2025-10-03,Out for Delivery,TRK407188703,88.51,"{'length': 14.76, 'width': 48.32, 'height': 33.71}"
b3455d37-cdad-4e03-ac22-ec6cacb187c1,ORD-000428,DPD,AF-001,2025-09-15,2025-09-17,2025-09-22,Processing,TRK896092443,13.66,"{'length': 68.24, 'width': 98.31, 'height': 6.06}"
bcf91d01-6303-4fa4-8a81-fa6e7208f34d,ORD-000365,FedEx,EU-002,2025-10-05,2025-10-06,,Out for Delivery,TRK149813080,25.95,"{'length': 150.42, 'width': 13.13, 'height': 45.48}"
d02dbd55-f84f-4703-8699-2ed8f5ae1c45,ORD-000118,TNT,US-001,2025-08-25,2025-08-27,2025-08-28,Out for Delivery,TRK286576461,67.03,"{'length': 131.06, 'width': 80.94, 'height': 41.76}"
f6624448-07e4-4bbf-9cf9-bddfe6c48734,ORD-000367,DPD,EU-001,2025-10-04,2025-10-13,,Out for Delivery,TRK270598960,83.39,"{'length': 190.23, 'width': 11.68, 'height': 8.32}"
e52d91b1-34e3-44d8-ad60-d2e2242102e2,ORD-000393,DPD,US-001,2025-09-12,2025-09-18,2025-09-17,Delayed,TRK566022532,58.47,"{'length': 91.12, 'width': 76.37, 'height': 29.17}"
21a76b93-d06b-44d5-abcb-2fa5a4fdbf56,ORD-000401,UPS,US-001,2025-09-11,2025-09-22,2025-09-19,Processing,TRK731306203,49.82,"{'length': 50.21, 'width': 63.59, 'height': 29.57}"
f34934e1-ca1c-42aa-b7ab-d625e60f7693,ORD-000183,TNT,AS-001,2025-08-25,2025-09-04,2025-09-03,In Transit,TRK308860593,85.76,"{'length': 120.59, 'width': 42.05, 'height': 20.19}"
9b66d36b-3aa9-4957-980b-19c921dba887,ORD-000493,FedEx,AS-001,2025-09-21,2025-09-22,,Processing,TRK150142389,39.78,"{'length': 137.01, 'width': 18.95, 'height': 31.96}"
d645718c-119c-49d6-b3a8-097a08059627,ORD-000298,FedEx,US-001,2025-09-27,2025-09-28,2025-09-29,Delayed,TRK322063253,3.89,"{'length': 103.22, 'width': 22.58, 'height': 6.15}"
51434b52-fbb6-4b2d-b204-f9d2d0b24a30,ORD-000043,TNT,US-001,2025-09-01,2025-09-05,2025-09-10,Out for Delivery,TRK893407475,57.89,"{'length': 16.67, 'width': 39.92, 'height': 25.22}"
06257903-c149-4bbb-8f91-328b47b8bb98,ORD-000336,DHL,US-001,2025-08-29,2025-09-09,,Delivered,TRK308565208,8.45,"{'length': 32.66, 'width': 14.21, 'height': 26.83}"
dcfed338-5e13-4609-806f-7a99acb2712d,ORD-000342,FedEx,US-001,2025-10-11,2025-10-13,2025-10-18,Processing,TRK832128582,62.67,"{'length': 45.24, 'width': 46.32, 'height': 25.2}"
9f328037-5b4b-44a8-bb2a-74e3c9d64743,ORD-000029,DPD,EU-002,2025-10-23,2025-10-28,2025-11-01,In Transit,TRK254920455,82.83,"{'length': 92.82, 'width': 90.81, 'height': 22.07}"
968077d8-89ec-4598-9f68-f8f484a990c9,ORD-000476,TNT,AS-001,2025-10-21,2025-11-04,,Out for Delivery,TRK409879178,32.35,"{'length': 70.38, 'width': 48.89, 'height': 34.51}"
96d47aa1-40a2-43e5-b3da-040409b6d643,ORD-000405,TNT,EU-002,2025-09-28,2025-09-29,2025-09-27,Out for Delivery,TRK255955934,1.35,"{'length': 132.94, 'width': 44.11, 'height': 34.4}"
78afb73f-ac98-46f1-9840-529bb581d6af,ORD-000381,TNT,EU-002,2025-09-04,2025-09-05,,Delivered,TRK831800331,86.9,"{'length': 50.21, 'width': 50.47, 'height': 48.75}"
5c11598c-2824-43bc-8c8c-2d17092eb79a,ORD-000136,TNT,AF-001,2025-10-09,2025-10-15,2025-10-17,Delivered,TRK181843692,8.03,"{'length': 84.64, 'width': 16.92, 'height': 36.7}"
3ca589f8-658a-45cf-94a2-4ec0aa3385d0,ORD-000137,TNT,EU-001,2025-09-10,2025-09-18,,In Transit,TRK996589061,55.36,"{'length': 197.14, 'width': 51.9, 'height': 33.52}"
820d9c99-ff0b-4035-8b57-5aecd2d98c56,ORD-000285,UPS,EU-001,2025-09-13,2025-09-21,2025-09-25,Processing,TRK721321569,74.79,"{'length': 22.87, 'width': 62.22, 'height': 42.47}"
a3e9a70c-8169-4cac-8a28-6beebc3b55fc,ORD-000058,TNT,US-001,2025-09-20,2025-09-24,2025-09-24,Processing,TRK102947338,89.7,"{'length': 130.93, 'width': 24.02, 'height': 22.51}"
ba218eb3-72f1-4952-a01e-ec1191933564,ORD-000147,FedEx,US-001,2025-10-23,2025-10-28,2025-10-28,Processing,TRK237004768,7.81,"{'length': 167.63, 'width': 66.57, 'height': 31.69}"
2d413484-1b3b-42ae-a308-8853f8ac292c,ORD-000100,DPD,EU-002,2025-10-06,2025-10-10,2025-10-07,Delivered,TRK480141823,20.27,"{'length': 14.29, 'width': 84.51, 'height': 42.75}"
ca3bd90e-b755-4175-bdb8-8508ba493382,ORD-000386,TNT,EU-002,2025-10-04,2025-10-17,2025-10-19,Delivered,TRK769238291,41.47,"{'length': 91.12, 'width': 84.45, 'height': 7.38}"
d4c3235a-c63d-469a-b218-03c57b6ee2b9,ORD-000142,DPD,AS-001,2025-09-22,2025-10-06,,Out for Delivery,TRK221217995,45.23,"{'length': 35.92, 'width': 64.33, 'height': 17.86}"
d6900ddf-f4fb-4ae1-a975-e6279b333c22,ORD-000480,UPS,EU-002,2025-09-17,2025-09-23,2025-09-26,Delayed,TRK419268638,84.1,"{'length': 140.74, 'width': 96.05, 'height': 13.74}"
7db34936-9580-4337-abae-a7001d69f472,ORD-000040,TNT,EU-002,2025-10-18,2025-10-28,2025-10-26,Delayed,TRK379799510,13.42,"{'length': 78.6, 'width': 36.94, 'height': 47.73}"
b3a86c03-94fc-44f5-8244-9e53dbc66afe,ORD-000283,UPS,AS-001,2025-08-29,2025-09-05,2025-09-05,Out for Delivery,TRK531392403,73.39,"{'length': 154.96, 'width': 82.65, 'height': 10.8}"
cf5480b0-2519-4aba-9bf7-bf0421cdf3b3,ORD-000308,TNT,AS-001,2025-08-25,2025-09-04,2025-09-01,Out for Delivery,TRK983992380,33.06,"{'length': 69.75, 'width': 38.36, 'height': 5.88}"
4f135d07-3919-40f9-8aac-0c2db9e45eed,ORD-000120,UPS,EU-002,2025-09-27,2025-09-28,,Processing,TRK423633791,18.58,"{'length': 70.43, 'width': 33.82, 'height': 31.72}"
8f1d5c69-ec04-4f82-85df-aefe81dc2e5b,ORD-000063,DPD,AF-001,2025-09-23,2025-09-27,2025-09-26,Out for Delivery,TRK728023473,14.87,"{'length': 65.7, 'width': 82.55, 'height': 40.94}"
925c4fce-b983-4e5c-bf0c-09325bb29041,ORD-000424,TNT,EU-001,2025-08-25,2025-09-04,2025-09-07,Processing,TRK626244387,23.16,"{'length': 178.47, 'width': 81.9, 'height': 6.63}"
4308306b-2c17-4346-b576-f38ac20781f6,ORD-000007,DHL,AF-001,2025-09-04,2025-09-15,2025-09-14,Delivered,TRK285792247,6.15,"{'length': 178.88, 'width': 70.95, 'height': 15.46}"
5d33beb5-7c3e-487a-94d1-344442e9a725,ORD-000060,TNT,AS-001,2025-09-11,2025-09-15,,Out for Delivery,TRK758003562,80.63,"{'length': 86.2, 'width': 49.23, 'height': 16.11}"
7270295b-7b09-45ab-bb7d-925fbf2baf0e,ORD-000312,FedEx,US-001,2025-08-27,2025-08-28,2025-08-28,In Transit,TRK711322513,85.2,"{'length': 165.66, 'width': 62.48, 'height': 12.28}"
9602ad92-b24a-4ae9-a53d-80778cab954a,ORD-000400,TNT,AS-001,2025-10-03,2025-10-17,2025-10-20,In Transit,TRK743908144,41.59,"{'length': 71.06, 'width': 50.05, 'height': 38.16}"
322f4f99-6176-43e7-aaf2-e7e2a0e5fa45,ORD-000383,FedEx,EU-001,2025-09-22,2025-09-27,2025-09-27,In Transit,TRK752118967,77.24,"{'length': 196.01, 'width': 92.64, 'height': 30.28}"
55195597-886e-4267-9458-50356933d8da,ORD-000218,UPS,EU-001,2025-09-06,2025-09-08,,Delayed,TRK852893109,11.89,"{'length': 157.66, 'width': 76.23, 'height': 34.58}"
c8d454fc-a5d2-4d56-87eb-e5a3329461e0,ORD-000483,DPD,EU-002,2025-10-06,2025-10-09,,Processing,TRK705741835,79.45,"{'length': 161.85, 'width': 52.34, 'height': 43.98}"
f493e10c-5b44-4cab-af84-8e261fe55568,ORD-000404,DPD,US-001,2025-09-02,2025-09-04,2025-09-09,In Transit,TRK389275885,67.27,"{'length': 79.59, 'width': 16.37, 'height': 15.27}"
2cd63d79-cf55-4bb6-8408-828f3167a243,ORD-000137,DHL,AS-001,2025-09-12,2025-09-17,2025-09-14,Delivered,TRK875967821,4.82,"{'length': 71.25, 'width': 49.51, 'height': 7.9}"
4e25ed58-8559-4020-8a01-4c7d9722cc3b,ORD-000219,DPD,AF-001,2025-09-30,2025-10-08,2025-10-07,Processing,TRK400396233,86.56,"{'length': 80.72, 'width': 21.33, 'height': 20.68}"
ea8b8b8d-1839-4ea1-891d-11a115c17dcb,ORD-000095,TNT,EU-001,2025-10-15,2025-10-27,2025-10-28,In Transit,TRK199364948,28.26,"{'length': 130.63, 'width': 18.54, 'height': 30.07}"
5bdd1231-6bb5-4b7b-8d2f-69e048de34c8,ORD-000238,DPD,US-001,2025-10-20,2025-10-31,2025-11-03,Delivered,TRK140345322,49.88,"{'length': 168.49, 'width': 68.14, 'height': 46.55}"
50f13b8c-c699-4b95-8442-2701427d1858,ORD-000094,UPS,AS-001,2025-09-11,2025-09-21,,Out for Delivery,TRK216916858,73.1,"{'length': 41.04, 'width': 80.56, 'height': 30.43}"
1897ff13-bdb8-4374-92c2-ebeb6882652b,ORD-000135,DPD,EU-002,2025-10-13,2025-10-20,2025-10-19,Processing,TRK989715825,90.72,"{'length': 143.66, 'width': 76.77, 'height': 15.58}"
0e0dd762-99b7-4308-8a5a-cc62027adbd6,ORD-000282,TNT,EU-002,2025-08-31,2025-09-14,2025-09-13,Delivered,TRK502625385,52.09,"{'length': 82.08, 'width': 36.7, 'height': 37.76}"
5ce9d2b2-5f76-4c02-a9b8-570847b605b7,ORD-000112,TNT,AF-001,2025-10-19,2025-10-29,2025-10-27,Out for Delivery,TRK323320292,4.15,"{'length': 180.51, 'width': 31.73, 'height': 19.82}"
afe4af63-4808-4882-8d1e-dd9e2f4dc772,ORD-000364,DPD,US-001,2025-09-07,2025-09-14,2025-09-13,Delivered,TRK817566663,34.38,"{'length': 31.81, 'width': 97.95, 'height': 8.14}"
0bb0645d-ef46-46fb-aa93-f8f9c72a2cfd,ORD-000010,DPD,EU-001,2025-10-15,2025-10-28,2025-11-01,Delivered,TRK500312905,99.05,"{'length': 77.55, 'width': 49.87, 'height': 25.37}"
da0f365f-5c3f-4fe4-965b-9aae2e9cbb1d,ORD-000311,DHL,EU-002,2025-08-27,2025-09-10,2025-09-14,In Transit,TRK412296479,66.03,"{'length': 30.14, 'width': 14.9, 'height': 25.54}"
1555647a-282b-440d-ab2f-0d48ed84b267,ORD-000014,DPD,EU-002,2025-10-11,2025-10-20,,Processing,TRK240756561,40.2,"{'length': 24.95, 'width': 34.28, 'height': 27.17}"
21c9636c-b1a9-4222-85be-2625ffe85434,ORD-000213,TNT,US-001,2025-08-30,2025-09-02,,Processing,TRK465972512,6.65,"{'length': 170.17, 'width': 65.81, 'height': 22.56}"
232a12b7-5342-4176-b172-d0af0697c545,ORD-000315,DPD,AF-001,2025-10-10,2025-10-17,,Out for Delivery,TRK328399550,47.01,"{'length': 165.71, 'width': 19.49, 'height': 18.42}"
844a7ac7-27ed-4f9b-9baf-c3b875fe99d2,ORD-000440,DHL,AF-001,2025-09-23,2025-10-02,2025-09-29,In Transit,TRK202840521,87.62,"{'length': 92.49, 'width': 51.38, 'height': 47.33}"
0df71ceb-ff34-426e-8e26-557573db592b,ORD-000321,FedEx,US-001,2025-10-17,2025-10-20,,In Transit,TRK636756351,79.73,"{'length': 173.98, 'width': 39.35, 'height': 31.12}"
a8370222-2d52-46bb-a979-1e3f63c93a16,ORD-000159,UPS,AS-001,2025-09-24,2025-10-01,2025-09-29,Processing,TRK500203567,75.5,"{'length': 182.21, 'width': 62.51, 'height': 27.14}"
bee1c3f5-56d1-4a44-81c9-1f8948785868,ORD-000254,TNT,EU-001,2025-10-14,2025-10-27,2025-11-01,In Transit,TRK877097987,44.64,"{'length': 141.03, 'width': 83.48, 'height': 6.07}"
a14e6c7c-854c-4200-a255-a32b62589cca,ORD-000227,UPS,EU-001,2025-09-28,2025-10-03,2025-10-05,Delayed,TRK328591583,28.1,"{'length': 120.24, 'width': 75.82, 'height': 15.27}"
6ec35d07-5f87-4bd5-a20a-8a01d62c37c8,ORD-000099,DPD,AF-001,2025-09-24,2025-09-26,,Delivered,TRK252229359,3.4,"{'length': 48.62, 'width': 53.58, 'height': 47.99}"
8de1743d-4f77-4feb-884b-aeb3baeed7e5,ORD-000066,DHL,EU-002,2025-10-21,2025-10-22,2025-10-20,Out for Delivery,TRK903030660,10.47,"{'length': 117.0, 'width': 16.87, 'height': 29.26}"
7dfcaf4d-1353-459f-9a2d-94f1f57ead34,ORD-000103,TNT,AF-001,2025-10-20,2025-11-01,2025-11-03,Processing,TRK506559739,58.58,"{'length': 60.74, 'width': 20.27, 'height': 35.73}"
b3d5e021-729e-49db-a391-d5ba75294638,ORD-000068,DPD,AF-001,2025-09-12,2025-09-13,2025-09-13,Delivered,TRK254254317,66.73,"{'length': 192.34, 'width': 91.2, 'height': 32.78}"
5247f42a-0ac1-41b9-95ec-8704eb71901d,ORD-000326,TNT,EU-002,2025-10-22,2025-11-04,2025-11-02,Delivered,TRK702270531,61.84,"{'length': 188.92, 'width': 32.54, 'height': 36.8}"
9c30911a-9678-4487-a3f4-c4b42cb5db21,ORD-000376,DPD,EU-002,2025-09-07,2025-09-15,2025-09-13,Out for Delivery,TRK567575200,18.66,"{'length': 54.83, 'width': 82.2, 'height': 6.23}"
9c6e364b-94bd-43a2-8ad2-e8bed46bfa7b,ORD-000387,TNT,US-001,2025-10-22,2025-10-30,2025-11-01,In Transit,TRK314866985,68.1,"{'length': 192.69, 'width': 80.27, 'height': 15.42}"
3f872ece-6b45-413d-af8f-e8391438f070,ORD-000072,DPD,AF-001,2025-09-28,2025-10-07,2025-10-06,Processing,TRK835090884,11.55,"{'length': 166.51, 'width': 21.97, 'height': 17.17}"
42cb9307-ad6f-4997-8caf-da6a0fb4f4a5,ORD-000486,TNT,AS-001,2025-10-19,2025-10-28,2025-10-29,Delayed,TRK907264036,10.12,"{'length': 154.74, 'width': 10.17, 'height': 10.36}"
9a77a992-10d7-482a-9341-d571c87e525a,ORD-000424,DHL,US-001,2025-10-17,2025-10-20,2025-10-21,In Transit,TRK561105803,20.03,"{'length': 58.25, 'width': 19.72, 'height': 12.14}"
da416cf5-49e9-436c-9fc2-8cee702c039b,ORD-000309,DHL,AS-001,2025-10-19,2025-10-23,2025-10-24,Out for Delivery,TRK225907245,88.52,"{'length': 92.37, 'width': 50.48, 'height': 6.15}"
693e0078-458a-4a24-a0a5-4781e3b84a99,ORD-000409,UPS,EU-001,2025-10-13,2025-10-26,2025-10-24,In Transit,TRK476291023,7.19,"{'length': 36.74, 'width': 43.17, 'height': 6.79}"
caf5b48e-5718-47a7-b705-27d10981195c,ORD-000395,DHL,EU-001,2025-09-15,2025-09-27,,Processing,TRK634297285,12.86,"{'length': 188.59, 'width': 26.35, 'height': 19.92}"
ab3438ce-a166-423d-b97b-81bd23b52113,ORD-000465,DPD,AF-001,2025-10-09,2025-10-16,2025-10-19,In Transit,TRK377255804,85.53,"{'length': 129.82, 'width': 95.41, 'height': 22.69}"
e2a2e8eb-a1f8-4344-b316-25ab5fd422c0,ORD-000254,FedEx,US-001,2025-10-18,2025-10-25,,Delayed,TRK841131954,4.14,"{'length': 137.34, 'width': 14.87, 'height': 44.34}"
4fd8dbf3-1e2b-41f8-b419-395cb51d12d9,ORD-000069,UPS,AS-001,2025-10-12,2025-10-22,,Processing,TRK357661076,89.27,"{'length': 101.9, 'width': 51.58, 'height': 37.3}"
4ecb3124-de3f-42c3-bd89-5b24c4a32c8a,ORD-000040,DHL,AS-001,2025-09-05,2025-09-15,2025-09-16,Out for Delivery,TRK598455269,60.42,"{'length': 25.77, 'width': 35.44, 'height': 32.05}"
